序号,产品名称,来源,说明,链接（需用微信扫码）
1,月20日 (1),欢乐宝盒,用微信扫原图二维码,http://weixin.qq.com/q/027oMzA31tdL410000w07a
2,月20日 (1)(10),欢乐宝盒,用微信扫原图二维码,http://weixin.qq.com/q/02t2gTBx1tdL410000M07c
3,月20日 (1)(11),欢乐宝盒,用微信扫原图二维码,http://weixin.qq.com/q/02IAGxAM1tdL410000007n
4,月20日 (1)(12),欢乐宝盒,用微信扫原图二维码,http://weixin.qq.com/q/02EBJoAO1tdL410000007R
5,月20日 (1)(14),欢乐宝盒,用微信扫原图二维码,http://weixin.qq.com/q/02PoCtAC1tdL410000g073
6,月20日 (1)(16),欢乐宝盒,用微信扫原图二维码,http://weixin.qq.com/q/02Z0PmAQ1tdL410000M071
7,月20日 (1)(17),欢乐宝盒,用微信扫原图二维码,http://weixin.qq.com/q/02RnZaBq1tdL410000007h
8,月20日 (1)(18),欢乐宝盒,用微信扫原图二维码,http://weixin.qq.com/q/02eUMfA61tdL410000M07w
9,月20日 (1)(19),欢乐宝盒,用微信扫原图二维码,http://weixin.qq.com/q/02t_ecBm1tdL410000w07p
10,月20日 (1)(2),欢乐宝盒,用微信扫原图二维码,http://weixin.qq.com/q/02IMcUBn1tdL410000007K
11,月20日 (1)(20),欢乐宝盒,用微信扫原图二维码,http://weixin.qq.com/q/02GVTfBu1tdL410000007n
12,月20日 (1)(21),欢乐宝盒,用微信扫原图二维码,http://weixin.qq.com/q/02qH-rAO1tdL410000M07T
13,月20日 (1)(23),欢乐宝盒,用微信扫原图二维码,http://weixin.qq.com/q/02VdawAN1tdL410000007x
14,月20日 (1)(3),欢乐宝盒,用微信扫原图二维码,http://weixin.qq.com/q/02Ax1aAZ1tdL410000M07n
15,月20日 (1)(4),欢乐宝盒,用微信扫原图二维码,http://weixin.qq.com/q/02-q6DB_1tdL410000007y
16,月20日 (1)(5),欢乐宝盒,用微信扫原图二维码,http://weixin.qq.com/q/02ptcmA-1tdL410000w07b
17,月20日 (1)(7),欢乐宝盒,用微信扫原图二维码,http://weixin.qq.com/q/02LLIoBY1tdL4100000077
18,月20日 (1)(9),欢乐宝盒,用微信扫原图二维码,http://weixin.qq.com/q/02VDwwB_1tdL410000w07l
